{
	"ID": 78644.55997146643,
	"Gender": "Male",
	"Male": 0,
	"Female": 1,
	"Years_in_US": 0,
	"Maritial_Status": 1,
	"People_Family": 4,
	"People_Household": 4,
	"Family_income": 4.978905533476001,
	"Household_Income": 10.868016110700092,
	"GlycoHemoglobin": 5.5642005502904315,
	"ArmCircum": 28.52824824212779,
	"SaggitalAbdominal": 21.00454499133802,
	"GripStrength": 62.455232854376845,
	"Total": 117.55222663813309,
	"Breast_fed": 1.0,
	"medication": 0.9600529909303984,
	"Taking_Insulin": 0.9600529909303984,
	"Taking_Oral_Agents": 0.11780291450117192,
	"Eyes_Affected": 0.07214918985019872,
	"Recent_BP": 182.9334556200958,
	"Diabetes": 0.18292061551003772,
	"age": 38.744522572098234,
	"gender": "Male",
	"native-country": "United-States",
	"native_country": "United-States",
	"race": "Black",
	"marital-status": "Never-married",
	"workclass": "Private",
	"occupation": "Machine-op-inspct",
	"income": "<=50K",
	"education": "11th",
	"Total People": 7.604198512177724,
	"Total_Income": 15.846921644176096,
	"BP": "Low"
}
